Locations,Methods
my_stage 0 H8,methods/SmoothLC/10min_gradient_60nLmin_dry2x500nL.json
my_stage 0 H9,methods/SmoothLC/20min_gradient_60nLmin_dry2x500nL.json
my_stage 0 H3,methods/SmoothLC/10min_gradient_60nLmin_dry2x500nL.json
my_stage 0 H4,methods/SmoothLC/20min_gradient_60nLmin_dry2x500nL.json
my_stage 0 H10,methods/SmoothLC/10min_gradient_60nLmin_dry2x500nL.json
my_stage 1 J13,methods/SmoothLC/20min_gradient_60nLmin_dry2x500nL.json
my_stage 0 H5,methods/SmoothLC/10min_gradient_60nLmin_dry2x500nL.json
my_stage 0 H6,methods/SmoothLC/20min_gradient_60nLmin_dry2x500nL.json
my_stage 0 H7,methods/SmoothLC/10min_gradient_60nLmin_dry2x500nL.json
my_stage 0 H11,methods/SmoothLC/20min_gradient_60nLmin_dry2x500nL.json
my_stage 0 H12,methods/SmoothLC/10min_gradient_60nLmin_dry2x500nL.json
my_stage 0 I3,methods/SmoothLC/20min_gradient_60nLmin_dry2x500nL.json
my_stage 0 I13,methods/SmoothLC/10min_gradient_60nLmin_dry2x500nL.json
my_stage 0 I8,methods/SmoothLC/20min_gradient_60nLmin_dry2x500nL.json
my_stage 0 I4,methods/SmoothLC/10min_gradient_60nLmin_dry2x500nL.json
my_stage 0 I5,methods/SmoothLC/20min_gradient_60nLmin_dry2x500nL.json
my_stage 0 I9,methods/SmoothLC/10min_gradient_60nLmin_dry2x500nL.json
my_stage 0 I10,methods/SmoothLC/20min_gradient_60nLmin_dry2x500nL.json
my_stage 0 I11,methods/SmoothLC/10min_gradient_60nLmin_dry2x500nL.json
my_stage 0 I7,methods/SmoothLC/20min_gradient_60nLmin_dry2x500nL.json
my_stage 0 I6,methods/SmoothLC/10min_gradient_60nLmin_dry2x500nL.json
my_stage 0 I12,methods/SmoothLC/20min_gradient_60nLmin_dry2x500nL.json
my_stage 0 J8,methods/SmoothLC/10min_gradient_60nLmin_dry2x500nL.json
my_stage 0 J9,methods/SmoothLC/20min_gradient_60nLmin_dry2x500nL.json
my_stage 0 J3,methods/SmoothLC/10min_gradient_60nLmin_dry2x500nL.json
my_stage 0 J4,methods/SmoothLC/20min_gradient_60nLmin_dry2x500nL.json
my_stage 0 J5,methods/SmoothLC/10min_gradient_60nLmin_dry2x500nL.json
my_stage 3 L13,methods/SmoothLC/20min_gradient_60nLmin_dry2x500nL.json
my_stage 0 J10,methods/SmoothLC/10min_gradient_60nLmin_dry2x500nL.json
my_stage 0 J6,methods/SmoothLC/20min_gradient_60nLmin_dry2x500nL.json
my_stage 2 K13,methods/SmoothLC/10min_gradient_60nLmin_dry2x500nL.json
my_stage 0 J11,methods/SmoothLC/20min_gradient_60nLmin_dry2x500nL.json
my_stage 0 J12,methods/SmoothLC/10min_gradient_60nLmin_dry2x500nL.json
my_stage 0 K3,methods/SmoothLC/20min_gradient_60nLmin_dry2x500nL.json
my_stage 0 J7,methods/SmoothLC/10min_gradient_60nLmin_dry2x500nL.json
my_stage 0 K8,methods/SmoothLC/20min_gradient_60nLmin_dry2x500nL.json
my_stage 0 K4,methods/SmoothLC/10min_gradient_60nLmin_dry2x500nL.json
my_stage 0 K10,methods/SmoothLC/20min_gradient_60nLmin_dry2x500nL.json
my_stage 0 K9,methods/SmoothLC/10min_gradient_60nLmin_dry2x500nL.json
my_stage 0 K5,methods/SmoothLC/20min_gradient_60nLmin_dry2x500nL.json
my_stage 0 K6,methods/SmoothLC/10min_gradient_60nLmin_dry2x500nL.json
my_stage 0 K12,methods/SmoothLC/20min_gradient_60nLmin_dry2x500nL.json
my_stage 0 K11,methods/SmoothLC/10min_gradient_60nLmin_dry2x500nL.json
my_stage 0 K7,methods/SmoothLC/20min_gradient_60nLmin_dry2x500nL.json
my_stage 0 L3,methods/SmoothLC/10min_gradient_60nLmin_dry2x500nL.json
my_stage 0 L9,methods/SmoothLC/20min_gradient_60nLmin_dry2x500nL.json
my_stage 0 L8,methods/SmoothLC/10min_gradient_60nLmin_dry2x500nL.json
my_stage 0 L4,methods/SmoothLC/20min_gradient_60nLmin_dry2x500nL.json
my_stage 0 L10,methods/SmoothLC/10min_gradient_60nLmin_dry2x500nL.json
my_stage 0 L6,methods/SmoothLC/20min_gradient_60nLmin_dry2x500nL.json
my_stage 0 L5,methods/SmoothLC/10min_gradient_60nLmin_dry2x500nL.json
my_stage 4 M13,methods/SmoothLC/20min_gradient_60nLmin_dry2x500nL.json
my_stage 0 L7,methods/SmoothLC/10min_gradient_60nLmin_dry2x500nL.json
my_stage 0 L11,methods/SmoothLC/20min_gradient_60nLmin_dry2x500nL.json
my_stage 0 L12,methods/SmoothLC/10min_gradient_60nLmin_dry2x500nL.json
my_stage 0 M3,methods/SmoothLC/20min_gradient_60nLmin_dry2x500nL.json
my_stage 0 M9,methods/SmoothLC/10min_gradient_60nLmin_dry2x500nL.json
my_stage 0 M8,methods/SmoothLC/20min_gradient_60nLmin_dry2x500nL.json
my_stage 0 M4,methods/SmoothLC/10min_gradient_60nLmin_dry2x500nL.json
my_stage 5 N13,methods/SmoothLC/20min_gradient_60nLmin_dry2x500nL.json
my_stage 0 M11,methods/SmoothLC/10min_gradient_60nLmin_dry2x500nL.json
my_stage 0 M10,methods/SmoothLC/20min_gradient_60nLmin_dry2x500nL.json
my_stage 0 M6,methods/SmoothLC/10min_gradient_60nLmin_dry2x500nL.json
my_stage 0 M5,methods/SmoothLC/20min_gradient_60nLmin_dry2x500nL.json
my_stage 0 N3,methods/SmoothLC/10min_gradient_60nLmin_dry2x500nL.json
my_stage 0 M7,methods/SmoothLC/20min_gradient_60nLmin_dry2x500nL.json
my_stage 0 N8,methods/SmoothLC/10min_gradient_60nLmin_dry2x500nL.json
my_stage 0 M12,methods/SmoothLC/20min_gradient_60nLmin_dry2x500nL.json
my_stage 0 N10,methods/SmoothLC/10min_gradient_60nLmin_dry2x500nL.json
my_stage 0 N9,methods/SmoothLC/20min_gradient_60nLmin_dry2x500nL.json
my_stage 0 N5,methods/SmoothLC/10min_gradient_60nLmin_dry2x500nL.json
my_stage 0 N4,methods/SmoothLC/20min_gradient_60nLmin_dry2x500nL.json
my_stage 0 N7,methods/SmoothLC/10min_gradient_60nLmin_dry2x500nL.json
my_stage 0 N11,methods/SmoothLC/20min_gradient_60nLmin_dry2x500nL.json
my_stage 0 N12,methods/SmoothLC/10min_gradient_60nLmin_dry2x500nL.json
my_stage 0 N6,methods/SmoothLC/20min_gradient_60nLmin_dry2x500nL.json
